product, image_link
"Ring Doorbells, Cameras, Alarms and Bundles","https://m.media-amazon.com/images/I/510RY4BQv+L._AC_UF226,226_FMjpg_.jpg"
Blink Smart Home Security Cameras and Doorbells,"https://m.media-amazon.com/images/I/31cAu0ngGYL._AC_UF226,226_FMjpg_.jpg"
Echo Devices and Smart Home bundles,"https://m.media-amazon.com/images/I/61TvwHPjKOL._AC_UF226,226_FMjpg_.jpg"
Echo Show Devices and Smart Home Bundles,"https://m.media-amazon.com/images/I/41RxFrOpgeL._AC_UF226,226_FMjpg_.jpg"
Amazon Fire TV 4K smart TVs as low as $229.99,"https://m.media-amazon.com/images/I/41R0n4XmxwL._AC_UF226,226_FMjpg_.jpg"
Hisense 4K ULED Fire TVs,"https://m.media-amazon.com/images/I/41Ly0TnBKdL._AC_UF226,226_FMjpg_.jpg"
Amazon Smart Home Devices,"https://m.media-amazon.com/images/I/21Mcpu+FwAL._AC_UF226,226_FMjpg_.jpg"
Echo Auto and Echo Buds,"https://m.media-amazon.com/images/I/315f8ziI9pL._AC_UF226,226_FMjpg_.jpg"
Amazon Fire TV smart TVs as low as $129.99,"https://m.media-amazon.com/images/I/41Av5SjIn+L._AC_UF226,226_FMjpg_.jpg"
eero WiFi routers and systems,"https://m.media-amazon.com/images/I/21m4NuMWXkL._AC_UF226,226_FMjpg_.jpg"
"Certified Refurbished Ring Doorbells, Alarms and Cameras","https://m.media-amazon.com/images/I/31gLeUkY72L._AC_UF226,226_FMjpg_.jpg"
Luna Gaming Bundles,"https://m.media-amazon.com/images/I/51QUjAYIflL._AC_UF226,226_FMjpg_.jpg"
Echo Frames,"https://m.media-amazon.com/images/I/31CPumPlDzS._AC_UF226,226_FMjpg_.jpg"
Kindle E-reader Essentials Bundles,"https://m.media-amazon.com/images/I/41GF9b3rjEL._AC_UF226,226_FMjpg_.jpg"
Echo Device Bundles,"https://m.media-amazon.com/images/I/41pZ8PCgh2L._AC_UF226,226_FMjpg_.jpg"
Fire Tablet Bundles,"https://m.media-amazon.com/images/I/41vvJ47bqTL._AC_UF226,226_FMjpg_.jpg"
Invite-only deal - Amazon Fire TV 43-inch Omni Series,"https://m.media-amazon.com/images/I/41LmsUo-UFL._AC_UF226,226_FMjpg_.jpg"
Invite-only deal - PAIGE Mayslie Jogger,"https://m.media-amazon.com/images/I/31TtTqPTnlL._AC_UF226,226_FMjpg_.jpg"
Invite-only deal - PAIGE Federal Jean,"https://m.media-amazon.com/images/I/31CK0FQ2ukL._AC_UF226,226_FMjpg_.jpg"
Invite-only deal - Foreo,"https://m.media-amazon.com/images/I/41GOqTxWB3L._AC_UF226,226_FMjpg_.jpg"
Invite-only deal - Echo Dot (5th Gen) Star Wars Stand,"https://m.media-amazon.com/images/I/41tnedK4xXL._AC_UF226,226_FMjpg_.jpg"
Invite-only deal - Motorola Razr 2023,"https://m.media-amazon.com/images/I/31dmdXfat7L._AC_UF226,226_FMjpg_.jpg"
Invite-only deal - JBL Live 660NC Headphones,"https://m.media-amazon.com/images/I/41MbVCpeC5L._AC_UF226,226_FMjpg_.jpg"
Invite-only deal - Acer i7 Creator Laptop,"https://m.media-amazon.com/images/I/41yGuRTcVCL._AC_UF226,226_FMjpg_.jpg"
Invite-only deal - SodaStream Sparkling Water Maker,"https://m.media-amazon.com/images/I/41ksmEiHFCL._AC_UF226,226_FMjpg_.jpg"
Invite-only deal - Bulova Men's Marine Star Watch,"https://m.media-amazon.com/images/I/51joky+4MaL._AC_UF226,226_FMjpg_.jpg"
Amazon Fire Tablets for the Whole Family,"https://m.media-amazon.com/images/I/41DYMmhsr4L._AC_UF226,226_FMjpg_.jpg"
Fire TV Streaming Devices (4K and HD),"https://m.media-amazon.com/images/I/31wybZaa6PL._AC_UF226,226_FMjpg_.jpg"
PicassoTiles Toys,"https://m.media-amazon.com/images/I/5162VlhjKwL._AC_UF226,226_FMjpg_.jpg"
Lume Deodorant,"https://m.media-amazon.com/images/I/41c5ixYJ0yL._AC_UF226,226_FMjpg_.jpg"
Samsonite and American Tourister Luggage,"https://m.media-amazon.com/images/I/417X+9XHIQL._AC_UF226,226_FMjpg_.jpg"
"Save big, save early: Load your Kindle","https://m.media-amazon.com/images/I/614ER9NwFfL._AC_UF226,226_FMjpg_.jpg"
Kindle Paperwhite Kids,"https://m.media-amazon.com/images/I/41MOD3+8DeL._AC_UF226,226_FMjpg_.jpg"
Amazon Fire TV 4K smart TVs as low as $409.99,"https://m.media-amazon.com/images/I/41Wajxw6JnL._AC_UF226,226_FMjpg_.jpg"
JBL Clip 3 Portable Bluetooth Speaker,"https://m.media-amazon.com/images/I/41FWGScq8wL._AC_UF226,226_FMjpg_.jpg"
Certified Refurbished Kindle E-readers,"https://m.media-amazon.com/images/I/415YFn0VOzL._AC_UF226,226_FMjpg_.jpg"
Rockland Luggage,"https://m.media-amazon.com/images/I/41snQTRcu0L._AC_UF226,226_FMjpg_.jpg"
Tribit Speaker Earbuds,"https://m.media-amazon.com/images/I/410QMFVh3qL._AC_UF226,226_FMjpg_.jpg"
"Lawn and Garden and Mobility Scooters from G, Goodyear and more","https://m.media-amazon.com/images/I/41LJwI5KeLL._AC_UF226,226_FMjpg_.jpg"
Certified Refurbished Fire Tablets,"https://m.media-amazon.com/images/I/411BHhrQ78L._AC_UF226,226_FMjpg_.jpg"
Certified Refurbished eero WiFi 6 routers and systems,"https://m.media-amazon.com/images/I/21C2s0dnJ0L._AC_UF226,226_FMjpg_.jpg"
Certified Refurbished eero WiFi extenders and systems,"https://m.media-amazon.com/images/I/21n0oh8lHyL._AC_UF226,226_FMjpg_.jpg"
Certified Refurbished eero WiFi routers and systems,"https://m.media-amazon.com/images/I/214-vH4V12L._AC_UF226,226_FMjpg_.jpg"
Certified Refurbished Echo Devices and Accessories,"https://m.media-amazon.com/images/I/61UZpatpPnL._AC_UF226,226_FMjpg_.jpg"
Fire Tablet Bundles,"https://m.media-amazon.com/images/I/51MRNZDZl2L._AC_UF226,226_FMjpg_.jpg"
$10 Amazon Smart Plug w/ Echo Devices,"https://m.media-amazon.com/images/I/41SdO-YTnvL._AC_UF226,226_FMjpg_.jpg"
Fire TV Accessory Bundles,"https://m.media-amazon.com/images/I/315tkOfBn2L._AC_UF226,226_FMjpg_.jpg"
Fire TV Smart TV Bundles,"https://m.media-amazon.com/images/I/41xyTQUsEuL._AC_UF226,226_FMjpg_.jpg"
Shark Vacuums and Hair Dryers and more,"https://m.media-amazon.com/images/I/313ToynPeJL._AC_UF226,226_FMjpg_.jpg"
iRobot Roomba Robotic Vacuums,"https://m.media-amazon.com/images/I/41Dg8FcQszL._AC_UF226,226_FMjpg_.jpg"
Instant Brands Kitchen Appliances,"https://m.media-amazon.com/images/I/41WAoH5H6NL._AC_UF226,226_FMjpg_.jpg"
"DEWALT Tools, Batteries and Accessories","https://m.media-amazon.com/images/I/41-LuVhf1tL._AC_UF226,226_FMjpg_.jpg"
Canon Cameras,"https://m.media-amazon.com/images/I/51bTbWWFi9L._AC_UF226,226_FMjpg_.jpg"
Vitamix Summer Sale,"https://m.media-amazon.com/images/I/91+OLDLxUKL._AC_UF226,226_FMjpg_.png"
Keurig K-Mini Plus,"https://m.media-amazon.com/images/I/31EFIv6RqwL._AC_UF226,226_FMjpg_.jpg"
Cricut Machines and Extensions,"https://m.media-amazon.com/images/I/31ADLg1eHtL._AC_UF226,226_FMjpg_.jpg"
De'Longhi and Braun Kitchen Appliances,"https://m.media-amazon.com/images/I/410XSxm6lXL._AC_UF226,226_FMjpg_.jpg"
Canon Camera Lenses,"https://m.media-amazon.com/images/I/51VtPdy0zdL._AC_UF226,226_FMjpg_.jpg"
DJI Avata Combos,"https://m.media-amazon.com/images/I/31jd36wsoVL._AC_UF226,226_FMjpg_.jpg"
Amazon Basics Home Products,"https://m.media-amazon.com/images/I/41Se-FzCVaL._AC_UF226,226_FMjpg_.jpg"
"Ring Doorbells, Cameras, Alarms and Bundles","https://m.media-amazon.com/images/I/510RY4BQv+L._AC_UF226,226_FMjpg_.jpg"
Blink Smart Home Security Cameras and Doorbells,"https://m.media-amazon.com/images/I/31cAu0ngGYL._AC_UF226,226_FMjpg_.jpg"
Echo Devices and Smart Home bundles,"https://m.media-amazon.com/images/I/61TvwHPjKOL._AC_UF226,226_FMjpg_.jpg"
Echo Show Devices and Smart Home Bundles,"https://m.media-amazon.com/images/I/41RxFrOpgeL._AC_UF226,226_FMjpg_.jpg"
Amazon Fire TV 4K smart TVs as low as $229.99,"https://m.media-amazon.com/images/I/41R0n4XmxwL._AC_UF226,226_FMjpg_.jpg"
Hisense 4K ULED Fire TVs,"https://m.media-amazon.com/images/I/41Ly0TnBKdL._AC_UF226,226_FMjpg_.jpg"
Amazon Smart Home Devices,"https://m.media-amazon.com/images/I/21Mcpu+FwAL._AC_UF226,226_FMjpg_.jpg"
Echo Auto and Echo Buds,"https://m.media-amazon.com/images/I/315f8ziI9pL._AC_UF226,226_FMjpg_.jpg"
Amazon Fire TV smart TVs as low as $129.99,"https://m.media-amazon.com/images/I/41Av5SjIn+L._AC_UF226,226_FMjpg_.jpg"
eero WiFi routers and systems,"https://m.media-amazon.com/images/I/21m4NuMWXkL._AC_UF226,226_FMjpg_.jpg"
"Certified Refurbished Ring Doorbells, Alarms and Cameras","https://m.media-amazon.com/images/I/31gLeUkY72L._AC_UF226,226_FMjpg_.jpg"
Luna Gaming Bundles,"https://m.media-amazon.com/images/I/51QUjAYIflL._AC_UF226,226_FMjpg_.jpg"
Echo Frames,"https://m.media-amazon.com/images/I/31CPumPlDzS._AC_UF226,226_FMjpg_.jpg"
Kindle E-reader Essentials Bundles,"https://m.media-amazon.com/images/I/41GF9b3rjEL._AC_UF226,226_FMjpg_.jpg"
Echo Device Bundles,"https://m.media-amazon.com/images/I/41pZ8PCgh2L._AC_UF226,226_FMjpg_.jpg"
Fire Tablet Bundles,"https://m.media-amazon.com/images/I/41vvJ47bqTL._AC_UF226,226_FMjpg_.jpg"
Invite-only deal - Amazon Fire TV 43-inch Omni Series,"https://m.media-amazon.com/images/I/41LmsUo-UFL._AC_UF226,226_FMjpg_.jpg"
Invite-only deal - PAIGE Mayslie Jogger,"https://m.media-amazon.com/images/I/31TtTqPTnlL._AC_UF226,226_FMjpg_.jpg"
Invite-only deal - PAIGE Federal Jean,"https://m.media-amazon.com/images/I/31CK0FQ2ukL._AC_UF226,226_FMjpg_.jpg"
Invite-only deal - Foreo,"https://m.media-amazon.com/images/I/41GOqTxWB3L._AC_UF226,226_FMjpg_.jpg"
Invite-only deal - Echo Dot (5th Gen) Star Wars Stand,"https://m.media-amazon.com/images/I/41tnedK4xXL._AC_UF226,226_FMjpg_.jpg"
Invite-only deal - Motorola Razr 2023,"https://m.media-amazon.com/images/I/31dmdXfat7L._AC_UF226,226_FMjpg_.jpg"
Invite-only deal - JBL Live 660NC Headphones,"https://m.media-amazon.com/images/I/41MbVCpeC5L._AC_UF226,226_FMjpg_.jpg"
Invite-only deal - Acer i7 Creator Laptop,"https://m.media-amazon.com/images/I/41yGuRTcVCL._AC_UF226,226_FMjpg_.jpg"
Invite-only deal - SodaStream Sparkling Water Maker,"https://m.media-amazon.com/images/I/41ksmEiHFCL._AC_UF226,226_FMjpg_.jpg"
Invite-only deal - Bulova Men's Marine Star Watch,"https://m.media-amazon.com/images/I/51joky+4MaL._AC_UF226,226_FMjpg_.jpg"
Amazon Fire Tablets for the Whole Family,"https://m.media-amazon.com/images/I/41DYMmhsr4L._AC_UF226,226_FMjpg_.jpg"
Fire TV Streaming Devices (4K and HD),"https://m.media-amazon.com/images/I/31wybZaa6PL._AC_UF226,226_FMjpg_.jpg"
PicassoTiles Toys,"https://m.media-amazon.com/images/I/5162VlhjKwL._AC_UF226,226_FMjpg_.jpg"
Lume Deodorant,"https://m.media-amazon.com/images/I/41c5ixYJ0yL._AC_UF226,226_FMjpg_.jpg"
Samsonite and American Tourister Luggage,"https://m.media-amazon.com/images/I/417X+9XHIQL._AC_UF226,226_FMjpg_.jpg"
"Save big, save early: Load your Kindle","https://m.media-amazon.com/images/I/614ER9NwFfL._AC_UF226,226_FMjpg_.jpg"
Kindle Paperwhite Kids,"https://m.media-amazon.com/images/I/41MOD3+8DeL._AC_UF226,226_FMjpg_.jpg"
Amazon Fire TV 4K smart TVs as low as $409.99,"https://m.media-amazon.com/images/I/41Wajxw6JnL._AC_UF226,226_FMjpg_.jpg"
JBL Clip 3 Portable Bluetooth Speaker,"https://m.media-amazon.com/images/I/41FWGScq8wL._AC_UF226,226_FMjpg_.jpg"
Certified Refurbished Kindle E-readers,"https://m.media-amazon.com/images/I/415YFn0VOzL._AC_UF226,226_FMjpg_.jpg"
Rockland Luggage,"https://m.media-amazon.com/images/I/41snQTRcu0L._AC_UF226,226_FMjpg_.jpg"
Tribit Speaker Earbuds,"https://m.media-amazon.com/images/I/410QMFVh3qL._AC_UF226,226_FMjpg_.jpg"
"Lawn and Garden and Mobility Scooters from G, Goodyear and more","https://m.media-amazon.com/images/I/41LJwI5KeLL._AC_UF226,226_FMjpg_.jpg"
Certified Refurbished Fire Tablets,"https://m.media-amazon.com/images/I/411BHhrQ78L._AC_UF226,226_FMjpg_.jpg"
Certified Refurbished eero WiFi 6 routers and systems,"https://m.media-amazon.com/images/I/21C2s0dnJ0L._AC_UF226,226_FMjpg_.jpg"
Certified Refurbished eero WiFi extenders and systems,"https://m.media-amazon.com/images/I/21n0oh8lHyL._AC_UF226,226_FMjpg_.jpg"
Certified Refurbished eero WiFi routers and systems,"https://m.media-amazon.com/images/I/214-vH4V12L._AC_UF226,226_FMjpg_.jpg"
Certified Refurbished Echo Devices and Accessories,"https://m.media-amazon.com/images/I/61UZpatpPnL._AC_UF226,226_FMjpg_.jpg"
Fire Tablet Bundles,"https://m.media-amazon.com/images/I/51MRNZDZl2L._AC_UF226,226_FMjpg_.jpg"
$10 Amazon Smart Plug w/ Echo Devices,"https://m.media-amazon.com/images/I/41SdO-YTnvL._AC_UF226,226_FMjpg_.jpg"
Fire TV Accessory Bundles,"https://m.media-amazon.com/images/I/315tkOfBn2L._AC_UF226,226_FMjpg_.jpg"
Fire TV Smart TV Bundles,"https://m.media-amazon.com/images/I/41xyTQUsEuL._AC_UF226,226_FMjpg_.jpg"
Shark Vacuums and Hair Dryers and more,"https://m.media-amazon.com/images/I/313ToynPeJL._AC_UF226,226_FMjpg_.jpg"
iRobot Roomba Robotic Vacuums,"https://m.media-amazon.com/images/I/41Dg8FcQszL._AC_UF226,226_FMjpg_.jpg"
Instant Brands Kitchen Appliances,"https://m.media-amazon.com/images/I/41WAoH5H6NL._AC_UF226,226_FMjpg_.jpg"
"DEWALT Tools, Batteries and Accessories","https://m.media-amazon.com/images/I/41-LuVhf1tL._AC_UF226,226_FMjpg_.jpg"
Canon Cameras,"https://m.media-amazon.com/images/I/51bTbWWFi9L._AC_UF226,226_FMjpg_.jpg"
Vitamix Summer Sale,"https://m.media-amazon.com/images/I/91+OLDLxUKL._AC_UF226,226_FMjpg_.png"
Keurig K-Mini Plus,"https://m.media-amazon.com/images/I/31EFIv6RqwL._AC_UF226,226_FMjpg_.jpg"
Cricut Machines and Extensions,"https://m.media-amazon.com/images/I/31ADLg1eHtL._AC_UF226,226_FMjpg_.jpg"
De'Longhi and Braun Kitchen Appliances,"https://m.media-amazon.com/images/I/410XSxm6lXL._AC_UF226,226_FMjpg_.jpg"
Canon Camera Lenses,"https://m.media-amazon.com/images/I/51VtPdy0zdL._AC_UF226,226_FMjpg_.jpg"
DJI Avata Combos,"https://m.media-amazon.com/images/I/31jd36wsoVL._AC_UF226,226_FMjpg_.jpg"
Amazon Basics Home Products,"https://m.media-amazon.com/images/I/41Se-FzCVaL._AC_UF226,226_FMjpg_.jpg"
